{
  "sections": [
    {
      "type": "breadcrumbs",
      "enabled": true
    },
    {
      "type": "responsive-banner",
      "img": "/img/uploads/dorflex.jpg",
      "mobile_img": "/img/uploads/dorflex.jpg",
      "link": "https://aureafarma.com.br/search?term=dorflex",
      "alt": "dorflex"
    },
    {
      "type": "page-title"
    },
    {
      "type": "document-banner",
      "enabled": true
    },
    {
      "type": "category-retail",
      "enabled": true,
      "sort": "sales"
    },
    {
      "type": "document-description",
      "enabled": true
    }
  ]
}