{
  "description": {
    "title": "",
    "text": ""
  },
  "links_1": {
    "list_pages": true,
    "title": "Páginas",
    "list": []
  },
  "links_2": {
    "list_categories": true,
    "title": "Categorias",
    "list": []
  },
  "contacts": {
    "title": "Contatos",
    "phone_wpp": true,
    "socials": true,
    "email": true,
    "address": true
  },
  "stamps": [
    {
      "src": "/img/uploads/ssl-safe.png",
      "alt": "Secure connection"
    },
    {
      "src": "/img/uploads/21082020224934-copy.png",
      "link": "https://transparencyreport.google.com/safe-browsing/search?url=https:%2F%2Faureafarma.com.br%2F&hl=pt_BR"
    }
  ],
  "payment_methods": {
    "bb": true,
    "visa": true,
    "boleto": true,
    "aura": true,
    "banrisul": true,
    "elo": true,
    "hipercard": true,
    "hsbc": true,
    "bradesco": true,
    "santander": true,
    "mastercard": true,
    "citibank": true,
    "hiper": true,
    "diners": true,
    "mais": false,
    "amex": true,
    "itau": true
  },
  "credits": "O nome fantasia AUREAFARMA e o domínio www.aureafarma.com.br são marcas registradas por: Drogaria Popular Vila Diva Ltda. Avenida Sapopemba, 3.153, Vila Regente Feijo, Sao Paulo/SP, CEP 03345-001, CNPJ: 11.173.393/0001-51, Inscrição Estadual: 148.803.061.113, Autorização de Funcionamento: 7.15.212-0, CMVS: 355030801-477-007236-1-4, Farmacêutico Responsável: Jean Di Carlo Moretti, CRF: 27258."
}